timestamp,frame,event_type,track_id,distance,speed,threat_level,pattern,commands
2026-05-12T19:29:33.761707,750,THREAT,1,47.2,0.0,CRITICAL,unknown,"⚠️ EVADE NOW!;EVADE LEFT;EVADE UP"
2026-05-12T19:29:33.809580,751,THREAT,1,47.2,0.0,CRITICAL,unknown,"⚠️ EVADE NOW!;EVADE LEFT;EVADE UP"
2026-05-12T19:29:33.840269,752,THREAT,1,47.2,0.0,CRITICAL,unknown,"⚠️ EVADE NOW!;EVADE LEFT;EVADE UP"
2026-05-12T19:29:33.874204,753,THREAT,1,47.2,0.0,CRITICAL,unknown,"⚠️ EVADE NOW!;EVADE LEFT;EVADE UP"
2026-05-12T19:29:33.903478,754,THREAT,1,47.2,0.0,CRITICAL,unknown,"⚠️ EVADE NOW!;EVADE LEFT;EVADE UP"
2026-05-12T19:29:33.937498,755,THREAT,1,47.2,0.0,CRITICAL,unknown,"⚠️ EVADE NOW!;EVADE LEFT;EVADE UP"
2026-05-12T19:29:33.967264,756,THREAT,1,47.2,0.0,CRITICAL,unknown,"⚠️ EVADE NOW!;EVADE LEFT;EVADE UP"
2026-05-12T19:29:34.002768,757,THREAT,1,47.2,0.0,CRITICAL,unknown,"⚠️ EVADE NOW!;EVADE LEFT;EVADE UP"
2026-05-12T19:29:34.064014,758,THREAT,1,47.2,0.0,CRITICAL,unknown,"⚠️ EVADE NOW!;EVADE LEFT;EVADE UP"
2026-05-12T19:29:34.095473,759,THREAT,1,47.2,0.0,CRITICAL,straight,"⚠️ EVADE NOW!;EVADE LEFT;EVADE UP"
2026-05-12T19:29:34.131449,760,THREAT,1,47.2,0.0,CRITICAL,straight,"⚠️ EVADE NOW!;EVADE LEFT;EVADE UP"
2026-05-12T19:29:34.160991,761,THREAT,1,47.2,0.0,CRITICAL,straight,"⚠️ EVADE NOW!;EVADE LEFT;EVADE UP"
2026-05-12T19:29:34.193654,762,THREAT,1,47.2,0.0,CRITICAL,straight,"⚠️ EVADE NOW!;EVADE LEFT;EVADE UP"
2026-05-12T19:29:34.222232,763,THREAT,1,47.2,0.0,CRITICAL,straight,"⚠️ EVADE NOW!;EVADE LEFT;EVADE UP"
2026-05-12T19:29:34.273652,764,THREAT,1,47.2,0.0,CRITICAL,straight,"⚠️ EVADE NOW!;EVADE LEFT;EVADE UP"
2026-05-12T19:29:34.302016,765,THREAT,1,47.2,0.0,CRITICAL,straight,"⚠️ EVADE NOW!;EVADE LEFT;EVADE UP"
2026-05-12T19:29:34.329852,766,THREAT,1,47.2,0.0,CRITICAL,straight,"⚠️ EVADE NOW!;EVADE LEFT;EVADE UP"
2026-05-12T19:29:34.356992,767,THREAT,1,47.2,0.0,CRITICAL,straight,"⚠️ EVADE NOW!;EVADE LEFT;EVADE UP"
2026-05-12T19:29:34.387845,768,THREAT,1,47.2,0.0,CRITICAL,straight,"⚠️ EVADE NOW!;EVADE LEFT;EVADE UP"
2026-05-12T19:29:34.414885,769,THREAT,1,47.2,0.0,CRITICAL,straight,"⚠️ EVADE NOW!;EVADE LEFT;EVADE UP"
2026-05-12T19:29:34.467180,770,THREAT,1,47.2,0.0,CRITICAL,straight,"⚠️ EVADE NOW!;EVADE LEFT;EVADE UP"
2026-05-12T19:29:34.497445,771,THREAT,1,47.2,0.0,CRITICAL,straight,"⚠️ EVADE NOW!;EVADE LEFT;EVADE UP"
2026-05-12T19:29:34.532332,772,THREAT,1,47.2,0.0,CRITICAL,straight,"⚠️ EVADE NOW!;EVADE LEFT;EVADE UP"
2026-05-12T19:29:34.560753,773,THREAT,1,47.2,0.0,CRITICAL,straight,"⚠️ EVADE NOW!;EVADE LEFT;EVADE UP"
2026-05-12T19:29:34.592351,774,THREAT,1,47.2,0.0,CRITICAL,straight,"⚠️ EVADE NOW!;EVADE LEFT;EVADE UP"
2026-05-12T19:29:34.620769,775,THREAT,1,47.2,0.0,CRITICAL,straight,"⚠️ EVADE NOW!;EVADE LEFT;EVADE UP"
2026-05-12T19:29:34.663548,776,THREAT,1,47.2,0.0,CRITICAL,straight,"⚠️ EVADE NOW!;EVADE LEFT;EVADE UP"
2026-05-12T19:29:34.693620,777,THREAT,1,47.2,0.0,CRITICAL,straight,"⚠️ EVADE NOW!;EVADE LEFT;EVADE UP"
2026-05-12T19:29:38.619921,886,THREAT,4,1089.8,6.2,LOW,unknown,"EVADE LEFT;EVADE DOWN;FULL THROTTLE"
2026-05-12T19:29:38.696467,887,THREAT,5,692.3,14.1,LOW,unknown,"EVADE LEFT;EVADE DOWN;FULL THROTTLE"
2026-05-12T19:29:38.772405,888,THREAT,5,699.4,11.5,LOW,unknown,"EVADE LEFT;EVADE DOWN;FULL THROTTLE"
2026-05-12T19:29:38.848562,889,THREAT,5,685.9,7.6,LOW,unknown,"EVADE LEFT;FULL THROTTLE"
2026-05-12T19:29:38.924369,890,THREAT,5,677.6,6.2,LOW,unknown,"EVADE LEFT;FULL THROTTLE"
2026-05-12T19:29:39.002678,891,THREAT,5,545.8,2.0,LOW,unknown,"EVADE LEFT;EVADE DOWN"
2026-05-12T19:29:39.079433,892,THREAT,5,533.8,1.8,LOW,unknown,"EVADE LEFT;EVADE DOWN"
2026-05-12T19:29:39.155852,893,THREAT,5,480.2,1.5,LOW,unknown,"EVADE LEFT;EVADE DOWN"
2026-05-12T19:29:39.227437,894,THREAT,5,578.2,3.2,LOW,unknown,"EVADE LEFT"
2026-05-12T19:29:39.296222,895,THREAT,5,618.1,5.8,LOW,unknown,"EVADE LEFT;EVADE UP;FULL THROTTLE"
2026-05-12T19:29:39.367755,896,THREAT,5,601.7,7.2,LOW,turning,"EVADE LEFT;EVADE UP;PERPENDICULAR;FULL THROTTLE"
2026-05-12T19:29:39.440405,897,THREAT,5,604.5,10.3,LOW,turning,"EVADE LEFT;EVADE UP;PERPENDICULAR;FULL THROTTLE"
2026-05-12T19:29:39.511089,898,THREAT,5,607.5,8.1,LOW,turning,"EVADE LEFT;EVADE UP;PERPENDICULAR;FULL THROTTLE"
2026-05-12T19:29:39.580242,899,THREAT,5,640.1,8.0,LOW,turning,"EVADE LEFT;EVADE UP;PERPENDICULAR;FULL THROTTLE"
2026-05-12T19:29:39.649426,900,THREAT,5,683.6,8.1,LOW,turning,"EVADE LEFT;EVADE UP;PERPENDICULAR;FULL THROTTLE"
2026-05-12T19:29:39.720918,901,THREAT,5,732.8,7.2,LOW,turning,"EVADE LEFT;PERPENDICULAR;FULL THROTTLE"
2026-05-12T19:29:39.788991,902,THREAT,5,800.5,9.0,LOW,unknown,"EVADE LEFT;FULL THROTTLE"
2026-05-12T19:29:39.856382,903,THREAT,5,823.3,8.8,LOW,unknown,"EVADE LEFT;EVADE DOWN;FULL THROTTLE"
2026-05-12T19:29:39.929860,904,THREAT,5,826.3,8.5,LOW,unknown,"EVADE LEFT;EVADE DOWN;FULL THROTTLE"
2026-05-12T19:29:39.999453,905,THREAT,5,812.1,8.7,LOW,unknown,"EVADE LEFT;EVADE DOWN;FULL THROTTLE"
2026-05-12T19:29:40.071539,906,THREAT,5,764.2,6.1,LOW,turning,"EVADE LEFT;EVADE DOWN;PERPENDICULAR;FULL THROTTLE"
2026-05-12T19:29:40.139107,907,THREAT,5,717.1,4.6,LOW,turning,"EVADE LEFT;EVADE DOWN;PERPENDICULAR;FULL THROTTLE"
2026-05-12T19:29:40.213359,908,THREAT,5,648.8,3.8,LOW,turning,"EVADE LEFT;EVADE DOWN;PERPENDICULAR"
2026-05-12T19:29:40.282461,909,THREAT,5,575.9,2.1,LOW,turning,"EVADE LEFT;EVADE DOWN;PERPENDICULAR"
2026-05-12T19:29:40.351864,910,THREAT,5,453.4,2.1,LOW,turning,"EVADE LEFT;EVADE DOWN;PERPENDICULAR"
2026-05-12T19:29:40.423423,911,THREAT,5,362.9,2.1,LOW,turning,"EVADE LEFT;EVADE DOWN;PERPENDICULAR"
2026-05-12T19:29:40.493407,912,THREAT,5,125.6,6.8,CRITICAL,turning,"⚠️ EVADE NOW!;EVADE DOWN;PERPENDICULAR;FULL THROTTLE"
2026-05-12T19:29:40.560585,913,THREAT,5,99.8,10.3,CRITICAL,turning,"⚠️ EVADE NOW!;EVADE DOWN;PERPENDICULAR;FULL THROTTLE"
2026-05-12T19:29:40.638779,914,THREAT,5,55.2,10.9,CRITICAL,turning,"⚠️ EVADE NOW!;EVADE DOWN;PERPENDICULAR;FULL THROTTLE"
2026-05-12T19:29:40.711675,915,THREAT,5,31.6,16.0,CRITICAL,turning,"⚠️ EVADE NOW!;EVADE LEFT;EVADE UP;PERPENDICULAR;FULL THROTTLE"
2026-05-12T19:29:40.821995,916,THREAT,5,83.5,15.3,CRITICAL,turning,"⚠️ EVADE NOW!;EVADE LEFT;EVADE UP;PERPENDICULAR;FULL THROTTLE"
2026-05-12T19:29:40.913960,917,THREAT,5,127.5,18.7,HIGH,turning,"⚠️ EVADE NOW!;EVADE LEFT;EVADE UP;PERPENDICULAR;FULL THROTTLE"
2026-05-12T19:29:41.001878,918,THREAT,5,157.8,19.3,HIGH,turning,"EVADE LEFT;EVADE UP;PERPENDICULAR;FULL THROTTLE"
2026-05-12T19:29:41.091081,919,THREAT,5,157.3,15.8,HIGH,turning,"EVADE LEFT;EVADE UP;PERPENDICULAR;FULL THROTTLE"
2026-05-12T19:29:41.179164,920,THREAT,5,148.1,12.3,HIGH,turning,"⚠️ EVADE NOW!;EVADE LEFT;EVADE UP;PERPENDICULAR;FULL THROTTLE"
2026-05-12T19:29:41.270219,921,THREAT,5,144.9,6.1,HIGH,turning,"⚠️ EVADE NOW!;EVADE LEFT;EVADE UP;PERPENDICULAR;FULL THROTTLE"
2026-05-12T19:29:41.366298,922,THREAT,5,210.8,2.5,HIGH,turning,"EVADE LEFT;EVADE UP;PERPENDICULAR"
2026-05-12T19:29:41.480204,923,THREAT,5,422.9,1.5,LOW,turning,"EVADE LEFT;PERPENDICULAR"
2026-05-12T19:29:41.580802,924,THREAT,5,600.5,3.0,LOW,turning,"EVADE LEFT;PERPENDICULAR"
2026-05-12T19:29:41.679434,925,THREAT,5,389.6,1.1,LOW,turning,"EVADE LEFT;EVADE DOWN;PERPENDICULAR"
2026-05-12T19:29:41.766758,926,THREAT,5,209.8,2.8,HIGH,zigzag,"EVADE LEFT;EVADE DOWN;EVASIVE ZIGZAG"
2026-05-12T19:29:41.852883,927,THREAT,5,104.8,6.1,CRITICAL,zigzag,"⚠️ EVADE NOW!;EVADE LEFT;EVADE UP;EVASIVE ZIGZAG;FULL THROTTLE"
2026-05-12T19:29:41.941584,928,THREAT,5,143.3,8.3,HIGH,zigzag,"⚠️ EVADE NOW!;EVADE LEFT;EVADE UP;EVASIVE ZIGZAG;FULL THROTTLE"
2026-05-12T19:29:42.032286,929,THREAT,5,285.4,7.4,MEDIUM,turning,"EVADE LEFT;EVADE UP;PERPENDICULAR;FULL THROTTLE"
2026-05-12T19:29:42.124053,930,THREAT,5,430.1,5.2,LOW,zigzag,"EVADE LEFT;EVADE UP;EVASIVE ZIGZAG;FULL THROTTLE"
2026-05-12T19:29:42.219027,931,THREAT,5,506.5,5.5,LOW,zigzag,"EVADE LEFT;EVASIVE ZIGZAG;FULL THROTTLE"
2026-05-12T19:29:42.307355,932,THREAT,5,510.6,6.3,LOW,zigzag,"EVADE LEFT;EVADE DOWN;EVASIVE ZIGZAG;FULL THROTTLE"
2026-05-12T19:29:42.396909,933,THREAT,5,487.6,5.9,LOW,zigzag,"EVADE LEFT;EVADE DOWN;EVASIVE ZIGZAG;FULL THROTTLE"
2026-05-12T19:29:42.489678,934,THREAT,5,299.4,5.7,MEDIUM,zigzag,"EVADE LEFT;EVADE DOWN;EVASIVE ZIGZAG;FULL THROTTLE"
2026-05-12T19:29:42.581201,935,THREAT,5,188.5,8.5,HIGH,zigzag,"EVADE LEFT;EVADE DOWN;EVASIVE ZIGZAG;FULL THROTTLE"
2026-05-12T19:29:42.669649,936,THREAT,5,124.3,10.9,CRITICAL,zigzag,"⚠️ EVADE NOW!;EVADE LEFT;EVADE DOWN;EVASIVE ZIGZAG;FULL THROTTLE"
2026-05-12T19:29:42.759983,937,THREAT,5,82.7,16.3,CRITICAL,zigzag,"⚠️ EVADE NOW!;EVADE LEFT;EVADE DOWN;EVASIVE ZIGZAG;FULL THROTTLE"
2026-05-12T19:29:42.853625,938,THREAT,5,72.2,17.0,CRITICAL,zigzag,"⚠️ EVADE NOW!;EVADE LEFT;EVADE DOWN;EVASIVE ZIGZAG;FULL THROTTLE"
2026-05-12T19:29:42.944827,939,THREAT,5,91.1,16.8,CRITICAL,zigzag,"⚠️ EVADE NOW!;EVADE LEFT;EVADE DOWN;EVASIVE ZIGZAG;FULL THROTTLE"
2026-05-12T19:29:43.035793,940,THREAT,5,112.0,15.5,CRITICAL,zigzag,"⚠️ EVADE NOW!;EVADE LEFT;EVADE DOWN;EVASIVE ZIGZAG;FULL THROTTLE"
2026-05-12T19:29:43.123591,941,THREAT,5,164.5,13.3,HIGH,zigzag,"EVADE LEFT;EVADE DOWN;EVASIVE ZIGZAG;FULL THROTTLE"
2026-05-12T19:29:43.217363,942,THREAT,5,214.8,11.5,HIGH,zigzag,"EVADE LEFT;EVADE DOWN;EVASIVE ZIGZAG;FULL THROTTLE"
2026-05-12T19:29:43.309316,943,THREAT,5,210.7,8.7,HIGH,zigzag,"EVADE LEFT;EVADE DOWN;EVASIVE ZIGZAG;FULL THROTTLE"
2026-05-12T19:29:43.399831,944,THREAT,5,235.4,7.6,MEDIUM,zigzag,"EVADE LEFT;EVADE DOWN;EVASIVE ZIGZAG;FULL THROTTLE"
2026-05-12T19:29:43.489507,945,THREAT,5,206.2,5.0,HIGH,turning,"EVADE DOWN;PERPENDICULAR;FULL THROTTLE"
2026-05-12T19:29:43.580929,946,THREAT,5,135.1,5.2,HIGH,turning,"⚠️ EVADE NOW!;EVADE DOWN;PERPENDICULAR;FULL THROTTLE"
2026-05-12T19:29:43.671168,947,THREAT,5,82.5,5.5,CRITICAL,turning,"⚠️ EVADE NOW!;EVADE RIGHT;EVADE DOWN;PERPENDICULAR;FULL THROTTLE"
2026-05-12T19:29:43.762192,948,THREAT,5,19.8,6.9,CRITICAL,turning,"⚠️ EVADE NOW!;EVADE LEFT;EVADE UP;PERPENDICULAR;FULL THROTTLE"
2026-05-12T19:29:43.855671,949,THREAT,5,86.4,5.2,CRITICAL,turning,"⚠️ EVADE NOW!;EVADE LEFT;EVADE UP;PERPENDICULAR;FULL THROTTLE"
2026-05-12T19:29:43.949265,950,THREAT,5,155.3,4.3,HIGH,turning,"EVADE LEFT;EVADE UP;PERPENDICULAR;FULL THROTTLE"
2026-05-12T19:29:44.037853,951,THREAT,5,110.3,2.5,CRITICAL,turning,"⚠️ EVADE NOW!;EVADE LEFT;EVADE UP;PERPENDICULAR"
2026-05-12T19:29:44.129133,952,THREAT,5,98.2,1.3,CRITICAL,turning,"⚠️ EVADE NOW!;EVADE DOWN;PERPENDICULAR"
2026-05-12T19:29:44.222360,953,THREAT,5,82.3,3.3,CRITICAL,turning,"⚠️ EVADE NOW!;EVADE DOWN;PERPENDICULAR"
2026-05-12T19:29:44.315766,954,THREAT,5,81.3,3.3,CRITICAL,unknown,"⚠️ EVADE NOW!;EVADE DOWN"
2026-05-12T19:29:44.407464,955,THREAT,5,21.4,1.8,CRITICAL,turning,"⚠️ EVADE NOW!;EVADE LEFT;EVADE UP;PERPENDICULAR"
2026-05-12T19:29:44.497611,956,THREAT,5,175.8,1.3,HIGH,turning,"EVADE LEFT;EVADE UP;PERPENDICULAR"
2026-05-12T19:29:44.591747,957,THREAT,5,304.8,1.5,MEDIUM,turning,"EVADE LEFT;EVADE DOWN;PERPENDICULAR"
2026-05-12T19:29:44.683887,958,THREAT,5,312.8,2.4,MEDIUM,turning,"EVADE LEFT;EVADE DOWN;PERPENDICULAR"
2026-05-12T19:29:44.773653,959,THREAT,5,323.8,3.6,MEDIUM,turning,"EVADE LEFT;EVADE DOWN;PERPENDICULAR"
2026-05-12T19:29:44.865878,960,THREAT,5,322.0,3.9,MEDIUM,turning,"EVADE LEFT;EVADE DOWN;PERPENDICULAR"
2026-05-12T19:29:44.956614,961,THREAT,5,252.5,0.9,HIGH,turning,"EVADE LEFT;EVADE DOWN;PERPENDICULAR"
2026-05-12T19:29:45.046095,962,THREAT,5,227.5,1.5,HIGH,turning,"EVADE LEFT;EVADE UP;PERPENDICULAR"
2026-05-12T19:29:45.140469,963,THREAT,5,219.5,3.4,HIGH,turning,"EVADE LEFT;EVADE UP;PERPENDICULAR"
2026-05-12T19:29:45.230243,964,THREAT,5,234.8,4.8,MEDIUM,turning,"EVADE LEFT;EVADE UP;PERPENDICULAR;FULL THROTTLE"
2026-05-12T19:29:45.318791,965,THREAT,5,309.7,6.6,MEDIUM,turning,"EVADE LEFT;PERPENDICULAR;FULL THROTTLE"
2026-05-12T19:29:45.412380,966,THREAT,5,336.7,6.2,LOW,turning,"EVADE LEFT;PERPENDICULAR;FULL THROTTLE"
2026-05-12T19:29:45.502917,967,THREAT,5,347.0,4.0,LOW,turning,"EVADE LEFT;PERPENDICULAR;FULL THROTTLE"
2026-05-12T19:29:45.598837,968,THREAT,5,366.6,4.1,LOW,turning,"EVADE LEFT;EVADE DOWN;PERPENDICULAR;FULL THROTTLE"
2026-05-12T19:29:45.687412,969,THREAT,5,365.3,3.4,LOW,turning,"EVADE LEFT;EVADE DOWN;PERPENDICULAR"
2026-05-12T19:29:45.781475,970,THREAT,5,381.5,4.8,LOW,turning,"EVADE LEFT;EVADE DOWN;PERPENDICULAR;FULL THROTTLE"
2026-05-12T19:29:45.874093,971,THREAT,5,420.7,8.1,LOW,turning,"EVADE LEFT;EVADE DOWN;PERPENDICULAR;FULL THROTTLE"
2026-05-12T19:29:45.965937,972,THREAT,5,441.9,9.5,LOW,turning,"EVADE LEFT;EVADE DOWN;PERPENDICULAR;FULL THROTTLE"
2026-05-12T19:29:46.060184,973,THREAT,5,443.2,8.6,LOW,turning,"EVADE LEFT;EVADE DOWN;PERPENDICULAR;FULL THROTTLE"
2026-05-12T19:29:46.149371,974,THREAT,5,429.5,9.2,LOW,turning,"EVADE LEFT;PERPENDICULAR;FULL THROTTLE"
2026-05-12T19:29:46.244339,975,THREAT,5,434.6,8.8,LOW,turning,"EVADE LEFT;PERPENDICULAR;FULL THROTTLE"
2026-05-12T19:29:46.333584,976,THREAT,5,413.0,8.7,LOW,turning,"EVADE LEFT;EVADE UP;PERPENDICULAR;FULL THROTTLE"
2026-05-12T19:29:46.430384,977,THREAT,5,474.2,4.1,LOW,turning,"EVADE LEFT;EVADE DOWN;PERPENDICULAR;FULL THROTTLE"
2026-05-12T19:29:46.524570,978,THREAT,5,2192.3,6.5,LOW,accelerating,"EVADE RIGHT;EVADE DOWN;FULL THROTTLE"
2026-05-12T19:29:46.616276,979,THREAT,5,1247.8,11.7,LOW,accelerating,"EVADE RIGHT;EVADE DOWN;FULL THROTTLE"
2026-05-12T19:29:46.717241,980,THREAT,5,382.4,13.2,LOW,turning,"EVADE LEFT;EVADE DOWN;PERPENDICULAR;FULL THROTTLE"
2026-05-12T19:29:46.811170,981,THREAT,5,415.1,7.0,LOW,turning,"EVADE LEFT;EVADE DOWN;PERPENDICULAR;FULL THROTTLE"
2026-05-12T19:29:46.901340,982,THREAT,5,479.2,4.4,LOW,turning,"EVADE LEFT;EVADE DOWN;PERPENDICULAR;FULL THROTTLE"
2026-05-12T19:29:46.994430,983,THREAT,5,475.9,3.1,LOW,turning,"EVADE LEFT;PERPENDICULAR"
2026-05-12T19:29:47.086957,984,THREAT,5,451.4,3.7,LOW,unknown,"EVADE LEFT"
2026-05-12T19:29:47.180502,985,THREAT,5,493.1,3.6,LOW,unknown,"EVADE LEFT"
2026-05-12T19:29:47.277822,986,THREAT,5,505.3,3.5,LOW,unknown,"EVADE LEFT"
2026-05-12T19:29:47.373514,987,THREAT,5,504.3,5.9,LOW,unknown,"EVADE LEFT;FULL THROTTLE"
2026-05-12T19:29:47.470092,988,THREAT,5,517.9,9.0,LOW,turning,"EVADE LEFT;PERPENDICULAR;FULL THROTTLE"
2026-05-12T19:29:47.560835,989,THREAT,5,510.5,8.4,LOW,turning,"EVADE LEFT;PERPENDICULAR;FULL THROTTLE"
2026-05-12T19:29:47.652131,990,THREAT,5,505.9,7.4,LOW,turning,"EVADE LEFT;PERPENDICULAR;FULL THROTTLE"
2026-05-12T19:29:47.745111,991,THREAT,5,509.5,4.4,LOW,turning,"EVADE LEFT;PERPENDICULAR;FULL THROTTLE"
2026-05-12T19:29:47.838269,992,THREAT,5,311.2,0.4,MEDIUM,unknown,"EVADE LEFT;EVADE DOWN"
2026-05-12T19:29:47.933175,993,THREAT,5,364.4,1.3,LOW,turning,"EVADE LEFT;EVADE DOWN;PERPENDICULAR"
2026-05-12T19:29:48.024549,994,THREAT,5,465.1,2.0,LOW,turning,"EVADE LEFT;EVADE DOWN;PERPENDICULAR"
2026-05-12T19:29:48.117012,995,THREAT,5,501.5,2.3,LOW,turning,"EVADE LEFT;EVADE DOWN;PERPENDICULAR"
2026-05-12T19:29:48.214204,996,THREAT,5,558.9,2.7,LOW,unknown,"EVADE LEFT;EVADE DOWN"
2026-05-12T19:29:48.311074,997,THREAT,5,384.5,1.5,MEDIUM,unknown,"EVADE LEFT;EVADE DOWN"
2026-05-12T19:29:48.406275,998,THREAT,5,333.3,2.4,MEDIUM,unknown,"EVADE LEFT;EVADE DOWN"
2026-05-12T19:29:48.498726,999,THREAT,5,301.2,2.3,HIGH,unknown,"EVADE LEFT;EVADE DOWN"
2026-05-12T19:29:48.596681,1000,THREAT,5,261.2,2.5,MEDIUM,turning,"EVADE LEFT;EVADE DOWN;PERPENDICULAR"
2026-05-12T19:29:48.688788,1001,THREAT,5,336.2,1.0,MEDIUM,unknown,"EVADE LEFT;EVADE DOWN"
2026-05-12T19:29:48.784711,1002,THREAT,5,502.9,3.4,LOW,unknown,"EVADE LEFT;EVADE UP"
2026-05-12T19:29:48.883921,1003,THREAT,5,503.8,5.3,LOW,unknown,"EVADE LEFT;EVADE UP;FULL THROTTLE"
2026-05-12T19:29:48.981284,1004,THREAT,5,2962.1,6.2,LOW,accelerating,"EVADE LEFT;EVADE UP;FULL THROTTLE"
2026-05-12T19:29:49.077492,1005,THREAT,5,466.6,6.7,LOW,turning,"EVADE LEFT;EVADE UP;PERPENDICULAR;FULL THROTTLE"
2026-05-12T19:29:49.173324,1006,THREAT,5,433.3,5.1,LOW,turning,"EVADE LEFT;EVADE UP;PERPENDICULAR;FULL THROTTLE"
2026-05-12T19:29:49.269178,1007,THREAT,5,397.5,4.6,LOW,turning,"EVADE LEFT;EVADE UP;PERPENDICULAR;FULL THROTTLE"
2026-05-12T19:29:49.364342,1008,THREAT,5,474.3,5.6,LOW,unknown,"EVADE LEFT;EVADE UP;FULL THROTTLE"
2026-05-12T19:29:49.461377,1009,THREAT,5,533.5,5.3,LOW,unknown,"EVADE LEFT;EVADE UP;FULL THROTTLE"
2026-05-12T19:29:49.558482,1010,THREAT,5,434.2,2.4,LOW,unknown,"EVADE LEFT;EVADE UP"
2026-05-12T19:29:49.653410,1011,THREAT,5,87.2,4.4,CRITICAL,turning,"⚠️ EVADE NOW!;EVADE LEFT;EVADE UP;PERPENDICULAR;FULL THROTTLE"
2026-05-12T19:29:49.748541,1012,THREAT,5,8.3,9.0,CRITICAL,turning,"⚠️ EVADE NOW!;EVADE UP;PERPENDICULAR;FULL THROTTLE"
2026-05-12T19:29:49.847944,1013,THREAT,5,26.1,11.6,CRITICAL,turning,"⚠️ EVADE NOW!;EVADE DOWN;PERPENDICULAR;FULL THROTTLE"
2026-05-12T19:29:49.943082,1014,THREAT,5,89.2,9.8,CRITICAL,turning,"⚠️ EVADE NOW!;EVADE DOWN;PERPENDICULAR;FULL THROTTLE"
2026-05-12T19:29:50.038641,1015,THREAT,5,187.2,4.5,HIGH,turning,"EVADE DOWN;PERPENDICULAR;FULL THROTTLE"
2026-05-12T19:29:50.118561,1016,THREAT,5,467.4,3.0,LOW,zigzag,"EVADE LEFT;EVADE DOWN;EVASIVE ZIGZAG"
2026-05-12T19:29:50.219702,1017,THREAT,5,506.0,3.4,LOW,turning,"EVADE LEFT;EVADE DOWN;PERPENDICULAR"
2026-05-12T19:29:50.312794,1018,THREAT,5,194.0,3.0,HIGH,zigzag,"EVADE LEFT;EVADE DOWN;EVASIVE ZIGZAG"
2026-05-12T19:29:50.404558,1019,THREAT,5,140.4,11.3,HIGH,zigzag,"⚠️ EVADE NOW!;EVADE LEFT;EVADE DOWN;EVASIVE ZIGZAG;FULL THROTTLE"
2026-05-12T19:29:50.499342,1020,THREAT,5,115.5,17.6,CRITICAL,zigzag,"⚠️ EVADE NOW!;EVADE LEFT;EVADE DOWN;EVASIVE ZIGZAG;FULL THROTTLE"
2026-05-12T19:29:50.598569,1021,THREAT,5,58.2,22.4,CRITICAL,zigzag,"⚠️ EVADE NOW!;EVADE LEFT;EVADE DOWN;EVASIVE ZIGZAG;FULL THROTTLE"
2026-05-12T19:29:50.692055,1022,THREAT,5,47.5,21.0,CRITICAL,zigzag,"⚠️ EVADE NOW!;EVADE LEFT;EVASIVE ZIGZAG;FULL THROTTLE"
2026-05-12T19:29:50.789870,1023,THREAT,5,79.9,18.7,CRITICAL,zigzag,"⚠️ EVADE NOW!;EVADE LEFT;EVADE UP;EVASIVE ZIGZAG;FULL THROTTLE"
2026-05-12T19:29:50.893256,1024,THREAT,5,88.7,20.9,CRITICAL,zigzag,"⚠️ EVADE NOW!;EVADE LEFT;EVADE UP;EVASIVE ZIGZAG;FULL THROTTLE"
2026-05-12T19:29:50.985534,1025,THREAT,5,98.0,15.2,CRITICAL,zigzag,"⚠️ EVADE NOW!;EVADE LEFT;EVADE UP;EVASIVE ZIGZAG;FULL THROTTLE"
2026-05-12T19:29:51.076666,1026,THREAT,5,89.2,14.3,CRITICAL,zigzag,"⚠️ EVADE NOW!;EVADE LEFT;EVADE UP;EVASIVE ZIGZAG;FULL THROTTLE"
2026-05-12T19:29:51.173205,1027,THREAT,5,63.4,12.7,CRITICAL,zigzag,"⚠️ EVADE NOW!;EVADE LEFT;EVADE UP;EVASIVE ZIGZAG;FULL THROTTLE"
2026-05-12T19:29:51.268388,1028,THREAT,5,46.8,8.7,CRITICAL,zigzag,"⚠️ EVADE NOW!;EVADE LEFT;EVADE UP;EVASIVE ZIGZAG;FULL THROTTLE"
2026-05-12T19:29:51.365718,1029,THREAT,5,36.1,8.3,CRITICAL,zigzag,"⚠️ EVADE NOW!;EVADE LEFT;EVADE UP;EVASIVE ZIGZAG;FULL THROTTLE"
2026-05-12T19:29:51.459015,1030,THREAT,5,10.9,5.6,CRITICAL,unknown,"⚠️ EVADE NOW!;EVADE UP;FULL THROTTLE"
2026-05-12T19:29:51.554220,1031,THREAT,5,73.3,2.8,CRITICAL,unknown,"⚠️ EVADE NOW!;EVADE LEFT;EVADE UP"
2026-05-12T19:29:51.653205,1032,THREAT,5,147.1,2.8,HIGH,zigzag,"⚠️ EVADE NOW!;EVADE LEFT;EVADE UP;EVASIVE ZIGZAG"
2026-05-12T19:29:51.748348,1033,THREAT,5,161.1,2.6,HIGH,zigzag,"EVADE LEFT;EVADE UP;EVASIVE ZIGZAG"
2026-05-12T19:29:51.844167,1034,THREAT,5,147.2,2.1,CRITICAL,zigzag,"⚠️ EVADE NOW!;EVADE LEFT;EVADE UP;EVASIVE ZIGZAG"
2026-05-12T19:29:51.939369,1035,THREAT,5,27.6,1.2,CRITICAL,zigzag,"⚠️ EVADE NOW!;EVADE LEFT;EVASIVE ZIGZAG"
2026-05-12T19:29:52.035715,1036,THREAT,5,47.4,2.7,CRITICAL,zigzag,"⚠️ EVADE NOW!;EVADE LEFT;EVADE DOWN;EVASIVE ZIGZAG"
2026-05-12T19:29:52.132038,1037,THREAT,5,40.6,3.0,CRITICAL,unknown,"⚠️ EVADE NOW!;EVADE DOWN"
2026-05-12T19:29:52.235676,1038,THREAT,5,42.5,3.4,CRITICAL,unknown,"⚠️ EVADE NOW!;EVADE DOWN"
2026-05-12T19:29:52.329889,1039,THREAT,5,36.0,2.7,CRITICAL,unknown,"⚠️ EVADE NOW!;EVADE DOWN"
2026-05-12T19:29:52.455970,1040,THREAT,5,47.5,2.6,CRITICAL,unknown,"⚠️ EVADE NOW!;EVADE DOWN"
2026-05-12T19:29:52.577930,1041,THREAT,5,31.6,2.4,CRITICAL,unknown,"⚠️ EVADE NOW!;EVADE DOWN"
2026-05-12T19:29:52.673104,1042,THREAT,5,52.8,0.9,CRITICAL,turning,"⚠️ EVADE NOW!;EVADE LEFT;EVADE DOWN;PERPENDICULAR"
2026-05-12T19:29:52.774657,1043,THREAT,5,64.0,0.4,CRITICAL,turning,"⚠️ EVADE NOW!;EVADE LEFT;EVADE DOWN;PERPENDICULAR"
2026-05-12T19:29:52.870956,1044,THREAT,5,58.2,0.4,CRITICAL,unknown,"⚠️ EVADE NOW!;EVADE LEFT;EVADE UP"
2026-05-12T19:29:52.963579,1045,THREAT,5,118.7,0.6,CRITICAL,zigzag,"⚠️ EVADE NOW!;EVADE LEFT;EVASIVE ZIGZAG"
2026-05-12T19:29:53.057226,1046,THREAT,5,109.6,0.6,CRITICAL,zigzag,"⚠️ EVADE NOW!;EVADE LEFT;EVADE UP;EVASIVE ZIGZAG"
2026-05-12T19:29:53.146828,1047,THREAT,5,119.7,0.6,CRITICAL,zigzag,"⚠️ EVADE NOW!;EVADE LEFT;EVASIVE ZIGZAG"
2026-05-12T19:29:53.236887,1048,THREAT,5,143.6,1.8,CRITICAL,zigzag,"⚠️ EVADE NOW!;EVADE LEFT;EVADE UP;EVASIVE ZIGZAG"
2026-05-12T19:29:53.332050,1049,THREAT,5,142.4,2.2,HIGH,zigzag,"⚠️ EVADE NOW!;EVADE LEFT;EVADE UP;EVASIVE ZIGZAG"
2026-05-12T19:29:53.429380,1050,THREAT,5,147.9,2.9,HIGH,zigzag,"⚠️ EVADE NOW!;EVADE LEFT;EVADE UP;EVASIVE ZIGZAG"
2026-05-12T19:29:53.525009,1051,THREAT,5,160.9,3.3,HIGH,unknown,"EVADE LEFT;EVADE UP"
2026-05-12T19:29:53.619526,1052,THREAT,5,156.4,1.5,CRITICAL,unknown,"EVADE LEFT;EVADE UP"
2026-05-12T19:29:53.713904,1053,THREAT,5,111.4,1.0,CRITICAL,zigzag,"⚠️ EVADE NOW!;EVADE LEFT;EVADE DOWN;EVASIVE ZIGZAG"
2026-05-12T19:29:53.807081,1054,THREAT,5,96.1,2.5,CRITICAL,turning,"⚠️ EVADE NOW!;EVADE LEFT;EVADE DOWN;PERPENDICULAR"
2026-05-12T19:29:53.899772,1055,THREAT,5,135.5,1.5,CRITICAL,zigzag,"⚠️ EVADE NOW!;EVADE LEFT;EVADE DOWN;EVASIVE ZIGZAG"
2026-05-12T19:29:53.990806,1056,THREAT,5,152.6,0.9,CRITICAL,zigzag,"EVADE LEFT;EVADE DOWN;EVASIVE ZIGZAG"
2026-05-12T19:29:54.082087,1057,THREAT,5,167.6,3.2,HIGH,zigzag,"EVADE LEFT;EVADE DOWN;EVASIVE ZIGZAG"
2026-05-12T19:29:54.219842,1058,THREAT,5,170.7,3.9,HIGH,zigzag,"EVADE LEFT;EVADE DOWN;EVASIVE ZIGZAG"
2026-05-12T19:29:54.315633,1059,THREAT,5,204.3,7.5,HIGH,zigzag,"EVADE LEFT;EVADE DOWN;EVASIVE ZIGZAG;FULL THROTTLE"
2026-05-12T19:29:54.438360,1060,THREAT,5,217.2,9.1,HIGH,zigzag,"EVADE LEFT;EVASIVE ZIGZAG;FULL THROTTLE"
2026-05-12T19:29:54.581712,1061,THREAT,5,248.3,12.0,MEDIUM,zigzag,"EVADE LEFT;EVASIVE ZIGZAG;FULL THROTTLE"
2026-05-12T19:29:54.707215,1062,THREAT,5,287.0,17.7,MEDIUM,zigzag,"EVADE LEFT;EVASIVE ZIGZAG;FULL THROTTLE"
2026-05-12T19:29:54.812069,1063,THREAT,5,326.8,18.2,LOW,zigzag,"EVADE LEFT;EVASIVE ZIGZAG;FULL THROTTLE"
2026-05-12T19:29:54.913173,1064,THREAT,5,413.2,21.0,LOW,turning,"EVADE LEFT;EVADE DOWN;PERPENDICULAR;FULL THROTTLE"
2026-05-12T19:29:55.014460,1065,THREAT,5,412.7,20.2,LOW,turning,"EVADE LEFT;EVADE DOWN;PERPENDICULAR;FULL THROTTLE"
2026-05-12T19:29:55.115742,1066,THREAT,5,353.4,21.0,LOW,turning,"EVADE LEFT;EVADE DOWN;PERPENDICULAR;FULL THROTTLE"
2026-05-12T19:29:55.216563,1067,THREAT,5,284.5,23.7,MEDIUM,zigzag,"EVADE LEFT;EVADE DOWN;EVASIVE ZIGZAG;FULL THROTTLE"
2026-05-12T19:29:55.313845,1068,THREAT,5,235.5,28.5,MEDIUM,zigzag,"EVADE DOWN;EVASIVE ZIGZAG;FULL THROTTLE"
2026-05-12T19:29:55.419243,1069,THREAT,5,228.4,32.0,MEDIUM,zigzag,"EVADE DOWN;EVASIVE ZIGZAG;FULL THROTTLE"
2026-05-12T19:29:55.518300,1070,THREAT,5,263.0,33.8,MEDIUM,zigzag,"EVADE DOWN;EVASIVE ZIGZAG;FULL THROTTLE"
2026-05-12T19:29:55.619923,1071,THREAT,5,319.6,31.3,LOW,zigzag,"EVADE DOWN;EVASIVE ZIGZAG;FULL THROTTLE"
2026-05-12T19:29:55.720025,1072,THREAT,5,339.4,22.5,LOW,accelerating,"EVADE DOWN;FULL THROTTLE"
2026-05-12T19:29:55.821559,1073,THREAT,5,1030.6,12.3,LOW,accelerating,"EVADE LEFT;FULL THROTTLE"
2026-05-12T19:29:55.923254,1074,THREAT,5,2227.8,9.9,LOW,accelerating,"EVADE LEFT;FULL THROTTLE"
2026-05-12T19:29:56.009275,1075,THREAT,5,3032.0,8.5,LOW,accelerating,"EVADE LEFT;EVADE UP;FULL THROTTLE"
2026-05-12T19:29:56.063158,1076,THREAT,5,2284.0,8.7,LOW,accelerating,"EVADE LEFT;EVADE UP;FULL THROTTLE"
2026-05-12T19:29:56.150821,1077,THREAT,5,462.4,9.3,LOW,zigzag,"EVADE DOWN;EVASIVE ZIGZAG;FULL THROTTLE"
2026-05-12T19:29:56.237092,1078,THREAT,5,479.0,9.3,LOW,zigzag,"EVADE DOWN;EVASIVE ZIGZAG;FULL THROTTLE"
2026-05-12T19:29:56.470891,1079,THREAT,5,497.0,9.3,LOW,zigzag,"EVADE DOWN;EVASIVE ZIGZAG;FULL THROTTLE"
2026-05-12T19:29:56.644102,1080,THREAT,5,510.3,9.4,LOW,zigzag,"EVADE DOWN;EVASIVE ZIGZAG;FULL THROTTLE"
2026-05-12T19:29:56.757509,1081,THREAT,5,528.4,9.1,LOW,zigzag,"EVADE DOWN;EVASIVE ZIGZAG;FULL THROTTLE"
2026-05-12T19:29:56.851354,1082,THREAT,5,547.4,9.3,LOW,zigzag,"EVADE DOWN;EVASIVE ZIGZAG;FULL THROTTLE"
2026-05-12T19:29:56.952402,1083,THREAT,20,120.6,7.9,CRITICAL,unknown,"⚠️ EVADE NOW!;EVADE LEFT;FULL THROTTLE"
2026-05-12T19:29:57.059932,1084,THREAT,20,133.7,7.6,HIGH,unknown,"⚠️ EVADE NOW!;EVADE LEFT;FULL THROTTLE"
2026-05-12T19:29:57.170670,1085,THREAT,20,140.5,5.4,HIGH,unknown,"⚠️ EVADE NOW!;EVADE LEFT;FULL THROTTLE"
2026-05-12T19:29:57.268729,1086,THREAT,20,177.4,6.7,HIGH,unknown,"EVADE LEFT;FULL THROTTLE"
2026-05-12T19:29:57.359543,1087,THREAT,20,205.6,8.7,HIGH,unknown,"EVADE LEFT;FULL THROTTLE"
2026-05-12T19:29:57.448477,1088,THREAT,20,219.4,9.2,HIGH,unknown,"EVADE LEFT;FULL THROTTLE"
2026-05-12T19:29:57.537359,1089,THREAT,20,231.4,10.0,MEDIUM,unknown,"EVADE LEFT;FULL THROTTLE"
2026-05-12T19:29:57.623048,1090,THREAT,20,239.8,8.8,MEDIUM,unknown,"EVADE LEFT;FULL THROTTLE"
2026-05-12T19:29:57.718004,1091,THREAT,20,235.8,10.4,MEDIUM,unknown,"EVADE LEFT;EVADE UP;FULL THROTTLE"
2026-05-12T19:29:57.807643,1092,THREAT,20,275.1,10.9,MEDIUM,accelerating,"⚠️ ACCELERATING THREAT;EVADE LEFT;EVADE UP;FULL THROTTLE"
2026-05-12T19:29:57.894913,1093,THREAT,20,257.2,10.2,MEDIUM,accelerating,"⚠️ ACCELERATING THREAT;EVADE LEFT;EVADE UP;FULL THROTTLE"
2026-05-12T19:29:57.984335,1094,THREAT,20,223.5,8.6,HIGH,unknown,"EVADE LEFT;EVADE UP;FULL THROTTLE"
2026-05-12T19:29:58.072650,1095,THREAT,20,227.9,3.4,HIGH,unknown,"EVADE LEFT;EVADE UP"
2026-05-12T19:29:58.162511,1096,THREAT,20,293.4,3.2,MEDIUM,turning,"EVADE LEFT;PERPENDICULAR"
2026-05-12T19:29:58.262720,1097,THREAT,20,289.2,4.9,MEDIUM,turning,"EVADE LEFT;EVADE DOWN;PERPENDICULAR;FULL THROTTLE"
2026-05-12T19:29:58.358222,1098,THREAT,20,321.8,8.8,LOW,turning,"EVADE LEFT;EVADE DOWN;PERPENDICULAR;FULL THROTTLE"
2026-05-12T19:29:58.452250,1099,THREAT,20,351.6,11.4,LOW,turning,"EVADE LEFT;EVADE DOWN;PERPENDICULAR;FULL THROTTLE"
2026-05-12T19:29:58.578020,1100,THREAT,20,370.1,10.0,LOW,turning,"EVADE LEFT;EVADE DOWN;PERPENDICULAR;FULL THROTTLE"
2026-05-12T19:29:58.674558,1101,THREAT,20,383.7,10.0,LOW,turning,"EVADE LEFT;EVADE DOWN;PERPENDICULAR;FULL THROTTLE"
2026-05-12T19:29:58.769732,1102,THREAT,20,399.4,8.6,LOW,turning,"EVADE LEFT;PERPENDICULAR;FULL THROTTLE"
2026-05-12T19:29:58.864490,1103,THREAT,20,405.9,6.2,LOW,turning,"EVADE LEFT;PERPENDICULAR;FULL THROTTLE"
2026-05-12T19:29:58.986802,1104,THREAT,20,431.6,7.4,LOW,turning,"EVADE LEFT;PERPENDICULAR;FULL THROTTLE"
2026-05-12T19:29:59.095893,1105,THREAT,20,410.5,4.1,LOW,unknown,"EVADE LEFT;FULL THROTTLE"
2026-05-12T19:29:59.206803,1106,THREAT,20,68.1,4.6,CRITICAL,turning,"⚠️ EVADE NOW!;EVADE LEFT;EVADE UP;PERPENDICULAR;FULL THROTTLE"
2026-05-12T19:29:59.297658,1107,THREAT,20,46.1,7.6,CRITICAL,turning,"⚠️ EVADE NOW!;EVADE LEFT;EVADE UP;PERPENDICULAR;FULL THROTTLE"
2026-05-12T19:29:59.368930,1108,THREAT,20,27.8,10.4,CRITICAL,turning,"⚠️ EVADE NOW!;EVADE UP;PERPENDICULAR;FULL THROTTLE"
2026-05-12T19:29:59.468631,1109,THREAT,20,15.4,8.4,CRITICAL,turning,"⚠️ EVADE NOW!;EVADE UP;PERPENDICULAR;FULL THROTTLE"
2026-05-12T19:29:59.512758,1110,THREAT,20,69.5,2.0,CRITICAL,turning,"⚠️ EVADE NOW!;EVADE LEFT;EVADE UP;PERPENDICULAR"
2026-05-12T19:29:59.555421,1111,THREAT,20,247.8,1.3,HIGH,unknown,"EVADE LEFT;EVADE UP"
2026-05-12T19:29:59.599735,1112,THREAT,20,239.1,1.1,HIGH,unknown,"EVADE LEFT;EVADE UP"
2026-05-12T19:29:59.641495,1113,THREAT,20,264.4,1.2,HIGH,unknown,"EVADE LEFT;EVADE UP"
2026-05-12T19:29:59.681437,1114,THREAT,20,250.9,1.3,HIGH,unknown,"EVADE LEFT;EVADE UP"
2026-05-12T19:29:59.724543,1115,THREAT,20,265.9,1.2,MEDIUM,turning,"EVADE LEFT;EVADE UP;PERPENDICULAR"
2026-05-12T19:29:59.761673,1116,THREAT,20,276.3,1.5,MEDIUM,turning,"EVADE LEFT;EVADE UP;PERPENDICULAR"
2026-05-12T19:29:59.801744,1117,THREAT,20,244.0,1.1,HIGH,turning,"EVADE LEFT;EVADE UP;PERPENDICULAR"
2026-05-12T19:29:59.842135,1118,THREAT,20,268.8,1.2,MEDIUM,turning,"EVADE LEFT;EVADE UP;PERPENDICULAR"
2026-05-12T19:29:59.880484,1119,THREAT,20,270.1,1.2,MEDIUM,turning,"EVADE LEFT;EVADE UP;PERPENDICULAR"
2026-05-12T19:29:59.934440,1120,THREAT,20,247.0,1.1,HIGH,turning,"EVADE LEFT;EVADE UP;PERPENDICULAR"
2026-05-12T19:29:59.961421,1121,THREAT,20,271.7,1.2,MEDIUM,turning,"EVADE LEFT;EVADE UP;PERPENDICULAR"
2026-05-12T19:29:59.990030,1122,THREAT,20,248.6,1.1,HIGH,turning,"EVADE LEFT;EVADE UP;PERPENDICULAR"
2026-05-12T19:30:00.014818,1123,THREAT,20,249.9,1.1,HIGH,turning,"EVADE LEFT;EVADE UP;PERPENDICULAR"
2026-05-12T19:30:00.050066,1124,THREAT,20,250.3,1.1,HIGH,turning,"EVADE LEFT;EVADE UP;PERPENDICULAR"
2026-05-12T19:30:00.081869,1125,THREAT,20,251.6,1.1,HIGH,turning,"EVADE LEFT;EVADE UP;PERPENDICULAR"
2026-05-12T19:30:00.130735,1126,THREAT,20,276.2,1.2,MEDIUM,turning,"EVADE LEFT;EVADE UP;PERPENDICULAR"
2026-05-12T19:30:00.156624,1127,THREAT,20,253.3,1.1,HIGH,turning,"EVADE LEFT;EVADE UP;PERPENDICULAR"
2026-05-12T19:30:00.192505,1128,THREAT,20,277.9,1.2,MEDIUM,turning,"EVADE LEFT;EVADE UP;PERPENDICULAR"
2026-05-12T19:30:00.221112,1129,THREAT,20,279.1,1.2,MEDIUM,turning,"EVADE LEFT;EVADE UP;PERPENDICULAR"
2026-05-12T19:30:00.261043,1130,THREAT,20,256.3,1.1,MEDIUM,straight,"EVADE LEFT;EVADE UP"
2026-05-12T19:30:00.289822,1131,THREAT,20,280.8,1.2,MEDIUM,straight,"EVADE LEFT;EVADE UP"
2026-05-12T19:30:00.337411,1132,THREAT,20,282.1,1.2,MEDIUM,straight,"EVADE LEFT;EVADE UP"
2026-05-12T19:30:00.364559,1133,THREAT,20,270.7,1.3,MEDIUM,straight,"EVADE LEFT;EVADE UP"
2026-05-12T19:30:00.392515,1134,THREAT,20,283.7,1.2,MEDIUM,straight,"EVADE LEFT;EVADE UP"
2026-05-12T19:30:00.419923,1135,THREAT,20,272.5,1.3,MEDIUM,straight,"EVADE LEFT;EVADE UP"
2026-05-12T19:30:00.466355,1136,THREAT,20,262.4,1.1,MEDIUM,straight,"EVADE LEFT;EVADE UP"
2026-05-12T19:30:00.494352,1137,THREAT,20,287.1,1.2,MEDIUM,straight,"EVADE LEFT;EVADE UP"
